{
  "model": "reason_io_2025-05-25_15-42-32",
  "benchmark": "gsm8k",
  "num_runs": 5,
  "individual_accuracies": [
    0.6262319939347991,
    0.645185746777862,
    0.640636846095527,
    0.6383623957543594,
    0.6497346474601972
  ],
  "mean_accuracy": 0.6400303260045488,
  "std_accuracy": 0.007928379962032673,
  "min_accuracy": 0.6262319939347991,
  "max_accuracy": 0.6497346474601972
}