{
  "model": "reason_io_2025-05-25_15-42-32",
  "benchmark": "winogrande",
  "num_runs": 5,
  "individual_accuracies": [
    0.5911602209944752,
    0.6045777426992897,
    0.5777426992896606,
    0.6022099447513812,
    0.5777426992896606
  ],
  "mean_accuracy": 0.5906866614048935,
  "std_accuracy": 0.01149838917220163,
  "min_accuracy": 0.5777426992896606,
  "max_accuracy": 0.6045777426992897
}