{
  "model": "reason_io_2025-05-21_13-07-34",
  "benchmark": "winogrande",
  "num_runs": 5,
  "individual_accuracies": [
    0.5982636148382005,
    0.5974743488555643,
    0.6132596685082873,
    0.5990528808208366,
    0.6156274664561957
  ],
  "mean_accuracy": 0.6047355958958168,
  "std_accuracy": 0.007977445157691098,
  "min_accuracy": 0.5974743488555643,
  "max_accuracy": 0.6156274664561957
}