{
  "model": "reason_io_2025-05-21_13-07-34",
  "benchmark": "gsm8k",
  "num_runs": 5,
  "individual_accuracies": [
    0.5496588324488249,
    0.5905989385898408,
    0.5291887793783169,
    0.6376042456406369,
    0.5344958301743745
  ],
  "mean_accuracy": 0.5683093252463987,
  "std_accuracy": 0.04079270350206961,
  "min_accuracy": 0.5291887793783169,
  "max_accuracy": 0.6376042456406369
}