{
  "model": "Qwen2.5-3B",
  "model_path": "Qwen/Qwen2.5-3B",
  "benchmark": "amc",
  "num_runs": 5,
  "num_samples": 83,
  "individual_accuracies": [
    0.13253012048192772,
    0.1927710843373494,
    0.20481927710843373,
    0.26506024096385544,
    0.2289156626506024
  ],
  "mean_accuracy": 0.20481927710843376,
  "std_accuracy": 0.04377325813153,
  "min_accuracy": 0.13253012048192772,
  "max_accuracy": 0.26506024096385544,
  "used_vllm": false
}