{
  "model": "Qwen2.5-7B-Instruct",
  "model_path": "Qwen/Qwen2.5-7B-Instruct",
  "benchmark": "aime",
  "num_runs": 5,
  "num_samples": 103,
  "individual_accuracies": [
    0.06796116504854369,
    0.05825242718446602,
    0.07766990291262135,
    0.038834951456310676,
    0.04854368932038835
  ],
  "mean_accuracy": 0.058252427184466014,
  "std_accuracy": 0.013730228760903834,
  "min_accuracy": 0.038834951456310676,
  "max_accuracy": 0.07766990291262135,
  "used_vllm": false
}